/***************************

  Populate the available table

****************************/

INSERT INTO available VALUES('CLB',3,50,50);
INSERT INTO available VALUES('CLB',4,60,60);
INSERT INTO available VALUES('CLB',5,70,70);
INSERT INTO available VALUES('CHLB',6,80,80);
INSERT INTO available VALUES('CJKLLB',1,20,20);
INSERT INTO available VALUES('CJKLLB',2,25,25);
INSERT INTO available VALUES('CJKLLB',3,30,30);
INSERT INTO available VALUES('HSSMLB',1,0,0);
INSERT INTO available VALUES('MLB',5,70,70);
INSERT INTO available VALUES('MULB',1,10,10);
INSERT INTO available VALUES('MULB',2,20,20);
INSERT INTO available VALUES('SLB',4,60,60);
INSERT INTO available VALUES('SLB',5,70,70);
INSERT INTO available VALUES('SLB',6,80,80);
INSERT INTO available VALUES('MULB',5,70,70);
INSERT INTO available VALUES('YNLB',2,20,20);
INSERT INTO faculty VALUES('CHS');
INSERT INTO faculty VALUES('COMPUTING');
INSERT INTO faculty VALUES('SCIENCE');
INSERT INTO faculty VALUES('BUSINESS');
INSERT INTO faculty VALUES('DENTISTRY');
INSERT INTO faculty VALUES('CDE');
INSERT INTO faculty VALUES('LAW');
INSERT INTO faculty VALUES('MEDICINE');
INSERT INTO faculty VALUES('NURSING');
INSERT INTO faculty VALUES('PHARMACY');
INSERT INTO faculty VALUES('MUSIC');
INSERT INTO department VALUES('BUSINESS','ACCOUNTING');
INSERT INTO department VALUES('BUSINESS','STRATEGY AND POILCY');
INSERT INTO department VALUES('BUSINESS','DECISION SCIENCE');
INSERT INTO department VALUES('BUSINESS','FINANCE');
INSERT INTO department VALUES('BUSINESS','MANAGEMENT AND ORGANISATION');
INSERT INTO department VALUES('BUSINESS','MARKETING');
INSERT INTO department VALUES('BUSINESS','REAL ESTATE');
INSERT INTO department VALUES('COMPUTING','COMPUTER SCIENCE');
INSERT INTO department VALUES('COMPUTING','INFORMATION SYSTEMS AND ANALYTICS');
INSERT INTO department VALUES('DENTISTRY','DENTISTRY');
INSERT INTO department VALUES('CDE','ARCHITECTURE');
INSERT INTO department VALUES('CDE','BUILT ENVIRONMENT');
INSERT INTO department VALUES('CDE','INDUSTRIAL DESIGN');
INSERT INTO department VALUES('CDE','BIOMEDICAL');
INSERT INTO department VALUES('CDE','CHEMICAL AND BIOMOLECULAR');
INSERT INTO department VALUES('CDE','CIVIL AND ENVIRONMENTAL');
INSERT INTO department VALUES('CDE','ELECTRICAL AND COMPUTER');
INSERT INTO department VALUES('CDE','ENGINEERING SCIENCE');
INSERT INTO department VALUES('CDE','INDUSTRIAL SYSTEM ENGINEERING AND MANAGEMENT');

